;VehiID;DevIDNO;DateTime;Speed;Heading;lat;lon;geometry;sp_diff;dist;trjid;x;y;time;time_interval
32333;20;205130;2021-05-02 10:34:02;68.0;210;22.34119;114.20449;POINT (839112.7801708262 822457.1623976025);68.0;3987.055568701128;78;839112.7801708262;822457.1623976025;38042;
32334;20;205130;2021-05-02 10:34:17;83.0;174;22.338472;114.203498;POINT (839010.6441356238 822156.1663419987);15.0;317.85278852933044;78;839010.6441356238;822156.1663419987;38057;15.0
32335;20;205130;2021-05-02 10:34:32;75.0;158;22.335578;114.204582;POINT (839122.3718077339 821835.7196133579);-8.0;339.36584773919043;78;839122.3718077339;821835.7196133579;38072;15.0
32336;20;205130;2021-05-02 10:34:47;57.0;181;22.332981;114.205268;POINT (839193.0960631625 821548.1542676875);-18.0;296.1346793884496;78;839193.0960631625;821548.1542676875;38087;15.0
32337;20;205130;2021-05-02 10:35:02;49.0;355;22.332784;114.206352;POINT (839304.7733864257 821526.3609612139);-8.0;113.78388610989072;78;839304.7733864257;821526.3609612139;38102;15.0
32338;20;205130;2021-05-02 10:35:17;71.0;309;22.334707;114.204643;POINT (839128.6736687387 821739.2706703645);22.0;276.2999363373337;78;839128.6736687387;821739.2706703645;38117;15.0
32339;20;205130;2021-05-02 10:35:32;78.0;247;22.334901;114.201797;POINT (838835.4804520267 821760.7019219276);7.0;293.9754426299602;78;838835.4804520267;821760.7019219276;38132;15.0
32340;20;205130;2021-05-02 10:35:47;69.0;249;22.333894;114.198936;POINT (838540.7622816385 821649.1458766094);-9.0;315.1246597841045;78;838540.7622816385;821649.1458766094;38147;15.0
32341;20;205130;2021-05-02 10:36:02;58.0;213;22.332374;114.196968;POINT (838338.0438692711 821480.8004692588);-11.0;263.50508702639223;78;838338.0438692711;821480.8004692588;38162;15.0
32342;20;205130;2021-05-02 10:36:17;55.0;225;22.331125;114.195121;POINT (838147.7829615797 821342.4683915037);-3.0;235.23387666655503;78;838147.7829615797;821342.4683915037;38177;15.0
32343;20;205130;2021-05-02 10:36:32;62.0;226;22.329431;114.193328;POINT (837963.0872284913 821154.8622787988);7.0;263.26520344567217;78;837963.0872284913;821154.8622787988;38192;15.0
32344;20;205130;2021-05-02 10:36:47;60.0;244;22.327886;114.191368;POINT (837761.180558513 820983.7562204382);-2.0;264.65748919960987;78;837761.180558513;820983.7562204382;38207;15.0
32345;20;205130;2021-05-02 10:37:02;56.0;242;22.32699;114.189224;POINT (837540.307066525 820884.5181245947);-4.0;242.1431376885021;78;837540.307066525;820884.5181245947;38222;15.0
32346;20;205130;2021-05-02 10:37:17;40.0;234;22.325803;114.187278;POINT (837339.8318316702 820753.060762034);-16.0;239.73184594765144;78;837339.8318316702;820753.060762034;38237;15.0
32347;20;205130;2021-05-02 10:37:33;0.0;239;22.325695;114.187057;POINT (837317.0641873404 820741.0998465199);-40.0;25.718264487820072;78;837317.0641873404;820741.0998465199;38253;16.0
32348;20;205130;2021-05-02 10:37:48;0.0;239;22.325698;114.187057;POINT (837317.0641648155 820741.432050823);0.0;0.3322043038857734;78;837317.0641648155;820741.432050823;38268;15.0
32349;20;205130;2021-05-02 10:38:03;0.0;239;22.325698;114.187057;POINT (837317.0641648155 820741.432050823);0.0;0.0;78;837317.0641648155;820741.432050823;38283;15.0
32350;20;205130;2021-05-02 10:38:18;20.0;241;22.325654;114.186973;POINT (837308.4104125127 820736.559136668);20.0;9.93140077126594;78;837308.4104125127;820736.559136668;38298;15.0
32351;20;205130;2021-05-02 10:38:33;66.0;244;22.324615;114.185142;POINT (837119.7783557755 820621.4941806303);46.0;220.95700246169972;78;837119.7783557755;820621.4941806303;38313;15.0
32352;20;205130;2021-05-02 10:38:48;70.0;244;22.323467;114.182472;POINT (836844.7048758991 820494.3579700008);4.0;303.0330598870856;78;836844.7048758991;820494.3579700008;38328;15.0
32353;20;205130;2021-05-02 10:39:03;78.0;244;22.322271;114.179786;POINT (836567.9785642007 820361.9113481776);8.0;306.78911196229006;78;836567.9785642007;820361.9113481776;38343;15.0
32354;20;205130;2021-05-02 10:39:18;63.0;246;22.321159;114.177444;POINT (836326.6891833773 820238.771492611);-15.0;270.8947938353197;78;836326.6891833773;820238.771492611;38358;15.0
32355;20;205130;2021-05-02 10:39:33;31.0;253;22.320343;114.175224;POINT (836097.9658548658 820148.4127298287);-32.0;245.92492150432983;78;836097.9658548658;820148.4127298287;38373;15.0
32356;20;205130;2021-05-02 10:39:48;0.0;237;22.320304;114.175193;POINT (836094.7719185427 820144.0941110954);-31.0;5.371377570066197;78;836094.7719185427;820144.0941110954;38388;15.0
32357;20;205130;2021-05-02 10:40:03;41.0;258;22.320129;114.17443;POINT (836016.1606963334 820124.7165917697);41.0;80.96426688642792;78;836016.1606963334;820124.7165917697;38403;15.0
32358;20;205130;2021-05-02 10:40:18;10.0;256;22.320077;114.173553;POINT (835925.8042704673 820118.9600879964);-31.0;90.53961028739911;78;835925.8042704673;820118.9600879964;38418;15.0
32359;20;205130;2021-05-02 10:40:33;27.0;262;22.319868;114.172538;POINT (835821.2292911645 820095.8191613441);17.0;107.10475611517496;78;835821.2292911645;820095.8191613441;38433;15.0
32360;20;205130;2021-05-02 10:40:48;39.0;261;22.319637;114.170997;POINT (835662.4605497363 820070.2447766557);12.0;160.81530526323394;78;835662.4605497363;820070.2447766557;38448;15.0
32361;20;205130;2021-05-02 10:41:03;0.0;252;22.319423;114.170349;POINT (835595.6966030408 820046.5502790881);-39.0;70.84386913021324;78;835595.6966030408;820046.5502790881;38463;15.0
32362;20;205130;2021-05-02 10:41:18;0.0;140;22.31948;114.170402;POINT (835601.1574284908 820052.8619223825);0.0;8.346104221217852;78;835601.1574284908;820052.8619223825;38478;15.0
32363;20;205130;2021-05-02 10:41:33;1.0;187;22.319467;114.170402;POINT (835601.1573671512 820051.4223715012);1.0;1.4395508825808911;78;835601.1573671512;820051.4223715012;38493;15.0
32364;20;205130;2021-05-02 10:41:49;0.0;352;22.319509;114.170379;POINT (835598.7878913116 820056.0733293508);-1.0;5.21975331536421;78;835598.7878913116;820056.0733293508;38509;16.0
32365;20;205130;2021-05-02 10:42:04;2.0;182;22.319505;114.170364;POINT (835597.2424327551 820055.6304567776);2.0;1.607662360671348;78;835597.2424327551;820055.6304567776;38524;15.0
32366;20;205130;2021-05-02 10:42:19;31.0;262;22.319519;114.169868;POINT (835546.1399676031 820057.1830166518);29.0;51.12604411419436;78;835546.1399676031;820057.1830166518;38539;15.0
32367;20;205130;2021-05-02 10:42:34;35.0;246;22.319208;114.168479;POINT (835403.0303666131 820022.7517935655);4.0;147.1932981448519;78;835403.0303666131;820022.7517935655;38554;15.0
32368;20;205130;2021-05-02 10:42:49;0.0;169;22.318626;114.168266;POINT (835381.081419037 819958.3054423898);-35.0;68.08148411686896;78;835381.081419037;819958.3054423898;38569;15.0
32369;20;205130;2021-05-02 10:43:04;0.0;169;22.318655;114.168243;POINT (835378.7119128925 819961.516882583);0.0;3.9909782614307416;78;835378.7119128925;819961.516882583;38584;15.0
32370;20;205130;2021-05-02 10:43:19;23.0;155;22.318313;114.168418;POINT (835396.7400393864 819923.6446096293);23.0;41.94427736370095;78;835396.7400393864;819923.6446096293;38599;15.0
32371;20;205130;2021-05-02 10:43:34;43.0;155;22.316215;114.168914;POINT (835447.8308209551 819691.3205415196);20.0;237.87547285156407;78;835447.8308209551;819691.3205415196;38614;15.0
32372;20;205130;2021-05-02 10:43:49;0.0;172;22.315536;114.168952;POINT (835451.742100696 819616.131519798);-43.0;75.29068399650981;78;835451.742100696;819616.131519798;38629;15.0
32373;20;205130;2021-05-02 10:44:04;33.0;173;22.314735;114.169067;POINT (835463.5862428185 819527.4324715652);33.0;89.48633895749239;78;835463.5862428185;819527.4324715652;38644;15.0
32374;20;205130;2021-05-02 10:44:19;14.0;80;22.314306;114.169677;POINT (835526.4340043601 819479.9242150452);-19.0;78.78372654529137;78;835526.4340043601;819479.9242150452;38659;15.0
32375;20;205130;2021-05-02 10:44:34;1.0;71;22.314413;114.169738;POINT (835532.7195817704 819491.7725220576);-13.0;13.412339931639313;78;835532.7195817704;819491.7725220576;38674;15.0
32376;20;205130;2021-05-02 10:44:49;0.0;71;22.314474;114.169738;POINT (835532.7198992394 819498.5273335616);-1.0;6.754811511384784;78;835532.7198992394;819498.5273335616;38689;15.0
32377;20;205130;2021-05-02 10:45:04;0.0;88;22.314407;114.169738;POINT (835532.7195505445 819491.1081143713);0.0;7.419219198448938;78;835532.7195505445;819491.1081143713;38704;15.0
32378;20;205130;2021-05-02 10:45:19;0.0;88;22.314382;114.169738;POINT (835532.7194204357 819488.3397490174);0.0;2.768365356985401;78;835532.7194204357;819488.3397490174;38719;15.0
32379;20;205130;2021-05-02 10:45:35;23.0;92;22.31443;114.170234;POINT (835583.8240544245 819493.6526927035);23.0;51.38006408854204;78;835583.8240544245;819493.6526927035;38735;16.0
32380;20;205130;2021-05-02 10:45:36;23.0;104;22.314393;114.170303;POINT (835590.9331564516 819489.5552028484);0.0;8.205410089909751;78;835590.9331564516;819489.5552028484;38736;1.0
32381;20;205130;2021-05-02 10:45:50;18.0;109;22.313825;114.170608;POINT (835622.3556462503 819426.6566168402);-5.0;70.31077433073222;78;835622.3556462503;819426.6566168402;38750;14.0
32382;20;205130;2021-05-02 10:46:05;7.0;71;22.314168;114.171813;POINT (835746.5122480462 819464.633964197);-11.0;129.8350518225918;78;835746.5122480462;819464.633964197;38765;15.0
32383;20;205130;2021-05-02 10:46:20;0.0;46;22.314512;114.172515;POINT (835818.8426609084 819502.7244346264);-7.0;81.74700338445318;78;835818.8426609084;819502.7244346264;38780;15.0
32384;20;205130;2021-05-02 10:46:35;2.0;46;22.314508;114.172424;POINT (835809.4666475221 819502.2817670909);2.0;9.38645734912778;78;835809.4666475221;819502.2817670909;38795;15.0
32385;20;205130;2021-05-02 10:46:50;25.0;37;22.314836;114.172676;POINT (835835.4319570648 819538.6019851865);23.0;44.64701045039884;78;835835.4319570648;819538.6019851865;38810;15.0
32386;20;205130;2021-05-02 10:47:05;42.0;29;22.31586;114.173492;POINT (835919.509176555 819651.9921556338);17.0;141.16058086898448;78;835919.509176555;819651.9921556338;38825;15.0
32387;20;205130;2021-05-02 10:47:20;34.0;37;22.317373;114.174537;POINT (836027.1801444938 819819.5316624832);-8.0;199.15452214864652;78;836027.1801444938;819819.5316624832;38840;15.0
32388;20;205130;2021-05-02 10:47:35;4.0;81;22.318151;114.175361;POINT (836112.0784218999 819905.6821689041);-30.0;120.9529960897995;78;836112.0784218999;819905.6821689041;38855;15.0
32389;20;205130;2021-05-02 10:47:50;0.0;81;22.31814;114.175323;POINT (836108.1632582945 819904.4641262074);-4.0;4.100260244013252;78;836108.1632582945;819904.4641262074;38870;15.0
32390;20;205130;2021-05-02 10:48:05;0.0;81;22.318122;114.175338;POINT (836109.7086932177 819902.4708868942);0.0;2.5221760568820173;78;836109.7086932177;819902.4708868942;38885;15.0
32391;20;205130;2021-05-02 10:48:20;0.0;139;22.318117;114.175338;POINT (836109.7086877421 819901.9172135746);0.0;0.5536733195456418;78;836109.7086877421;819901.9172135746;38900;15.0
32392;20;205130;2021-05-02 10:48:35;18.0;37;22.318218;114.175346;POINT (836110.5330403663 819913.1014065745);18.0;11.214532103782076;78;836110.5330403663;819913.1014065745;38915;15.0
32393;20;205130;2021-05-02 10:48:50;50.0;34;22.319744;114.176353;POINT (836214.2850383038 820082.0818473459);32.0;198.289854605188;78;836214.2850383038;820082.0818473459;38930;15.0
32394;20;205130;2021-05-02 10:49:05;28.0;37;22.32113;114.177368;POINT (836318.8590597644 820235.5601562737);-22.0;185.71838163132864;78;836318.8590597644;820235.5601562737;38945;15.0
32395;20;205130;2021-05-02 10:49:21;45.0;64;22.321964;114.178962;POINT (836483.0845686999 820327.914358038);17.0;188.41262263621508;78;836483.0845686999;820327.914358038;38961;16.0
32396;20;205130;2021-05-02 10:49:36;45.0;71;22.322689;114.18061;POINT (836652.8718803156 820408.2003578652);0.0;187.8126006260637;78;836652.8718803156;820408.2003578652;38976;15.0
32397;20;205130;2021-05-02 10:49:51;0.0;75;22.322937;114.181236;POINT (836717.3659613009 820435.664320292);-45.0;70.0981862412906;78;836717.3659613009;820435.664320292;38991;15.0
32398;20;205130;2021-05-02 10:50:06;0.0;75;22.322937;114.181236;POINT (836717.3659613009 820435.664320292);0.0;0.0;78;836717.3659613009;820435.664320292;39006;15.0
32399;20;205130;2021-05-02 10:50:21;29.0;65;22.323114;114.181617;POINT (836756.618545458 820455.2655637144);29.0;43.87452685458169;78;836756.618545458;820455.2655637144;39021;15.0
32400;20;205130;2021-05-02 10:50:36;57.0;61;22.32393;114.183311;POINT (836931.1418216502 820545.6316281033);28.0;196.53091239297123;78;836931.1418216502;820545.6316281033;39036;15.0
32401;20;205130;2021-05-02 10:50:51;69.0;59;22.325054;114.185836;POINT (837191.2751892916 820670.1108430263);12.0;288.3824611662103;78;837191.2751892916;820670.1108430263;39051;15.0
32402;20;205130;2021-05-02 10:51:06;56.0;58;22.326261;114.187812;POINT (837394.8433203824 820803.7811961987);-13.0;243.5318199189533;78;837394.8433203824;820803.7811961987;39066;15.0
32403;20;205130;2021-05-02 10:51:21;53.0;64;22.327247;114.189689;POINT (837588.2107132841 820912.9809757037);-3.0;222.0710257587407;78;837588.2107132841;820912.9809757037;39081;15.0
32404;20;205130;2021-05-02 10:51:36;54.0;49;22.328279;114.191711;POINT (837796.5132069325 821027.278443963);1.0;237.60016858290803;78;837796.5132069325;821027.278443963;39096;15.0
32405;20;205130;2021-05-02 10:51:51;64.0;43;22.330028;114.193595;POINT (837990.5867589747 821220.9740026196);10.0;274.1942979815271;78;837990.5867589747;821220.9740026196;39111;15.0
32406;20;205130;2021-05-02 10:52:06;52.0;42;22.331529;114.195068;POINT (838142.3174495236 821387.2046082523);-12.0;225.0662495876308;78;838142.3174495236;821387.2046082523;39126;15.0
32407;20;205130;2021-05-02 10:52:21;42.0;316;22.332969;114.195785;POINT (838216.1630901684 821546.6719156699);-10.0;175.73559906084608;78;838216.1630901684;821546.6719156699;39141;15.0
32408;20;205130;2021-05-02 10:52:36;28.0;315;22.334125;114.194625;POINT (838096.6454503306 821674.6668701718);-14.0;175.12045742954714;78;838096.6454503306;821674.6668701718;39156;15.0
32409;20;205130;2021-05-02 10:52:51;0.0;314;22.334323;114.194412;POINT (838074.6999371167 821696.5898033206);-28.0;31.01968001232313;78;838074.6999371167;821696.5898033206;39171;15.0
32410;20;205130;2021-05-02 10:53:06;39.0;3;22.335021;114.194152;POINT (838047.9062654781 821773.8796575967);39.0;81.80233745987263;78;838047.9062654781;821773.8796575967;39186;15.0
32411;20;205130;2021-05-02 10:53:22;19.0;27;22.336179;114.194564;POINT (838090.3345642183 821902.1156115669);-20.0;135.07264869188407;78;838090.3345642183;821902.1156115669;39202;16.0
32412;20;205130;2021-05-02 10:53:37;0.0;41;22.33636;114.194679;POINT (838102.1791539688 821922.1600290259);-19.0;23.28246072961567;78;838102.1791539688;821922.1600290259;39217;15.0
32413;20;205130;2021-05-02 10:53:52;31.0;35;22.336662;114.194946;POINT (838129.6806567779 821955.6052548119);31.0;43.30029774309695;78;838129.6806567779;821955.6052548119;39232;15.0
32414;20;205130;2021-05-02 10:54:07;62.0;35;22.33814;114.196014;POINT (838239.6816784878 822119.2850914485);31.0;197.20880735549343;78;838239.6816784878;822119.2850914485;39247;15.0
32415;20;205130;2021-05-02 10:54:22;29.0;58;22.33925;114.197502;POINT (838392.9520758186 822242.2211470323);-33.0;196.48177640801416;78;838392.9520758186;822242.2211470323;39262;15.0
32416;20;205130;2021-05-02 10:54:37;26.0;50;22.339422;114.197753;POINT (838418.8061499606 822261.2711269523);-3.0;32.1144030723333;78;838418.8061499606;822261.2711269523;39277;15.0
32417;20;205130;2021-05-02 10:54:52;41.0;7;22.340839;114.198303;POINT (838475.4418748593 822418.1905440536);15.0;166.82718243203342;78;838475.4418748593;822418.1905440536;39292;15.0
32418;20;205130;2021-05-02 10:55:07;30.0;9;22.34214;114.198478;POINT (838493.4485719854 822562.259340174);-11.0;145.18973502624527;78;838493.4485719854;822562.259340174;39307;15.0
32419;20;205130;2021-05-02 10:55:22;0.0;8;22.343013;114.198654;POINT (838511.5648078311 822658.9336109846);-30.0;98.35706704640602;78;838511.5648078311;822658.9336109846;39322;15.0
32420;20;205130;2021-05-02 10:55:37;0.0;8;22.343011;114.198654;POINT (838511.5648398981 822658.7121409704);0.0;0.2214700165136897;78;838511.5648398981;822658.7121409704;39337;15.0
32421;20;205130;2021-05-02 10:55:52;0.0;8;22.343011;114.198646;POINT (838510.740743506 822658.7120216655);0.0;0.8240964007775691;78;838510.740743506;822658.7120216655;39352;15.0
32422;20;205130;2021-05-02 10:56:07;0.0;8;22.343004;114.198646;POINT (838510.7408557031 822657.9368766139);0.0;0.7751450597715311;78;838510.7408557031;822657.9368766139;39367;15.0
32423;20;205130;2021-05-02 10:56:22;0.0;8;22.342992;114.198631;POINT (838509.1958670965 822656.60783295);0.0;2.037976166471508;78;838509.1958670965;822656.60783295;39382;15.0
32424;20;205130;2021-05-02 10:56:37;0.0;8;22.342994;114.198631;POINT (838509.1958350618 822656.8293029635);0.0;0.2214700158105142;78;838509.1958350618;822656.8293029635;39397;15.0
32425;20;205130;2021-05-02 10:56:53;0.0;8;22.342998;114.198631;POINT (838509.195770994 822657.2722429923);0.0;0.4429400334834547;78;838509.195770994;822657.2722429923;39413;16.0
32426;20;205130;2021-05-02 10:57:08;46.0;7;22.343818;114.198806;POINT (838527.209641613 822748.0775715258);46.0;92.57487361459678;78;838527.209641613;822748.0775715258;39428;15.0
32427;20;205130;2021-05-02 10:57:23;35.0;29;22.345338;114.199256;POINT (838573.539751406 822916.4016438855);-11.0;174.58371175223772;78;838573.539751406;822916.4016438855;39443;15.0
32428;20;205130;2021-05-02 10:57:38;26.0;314;22.34604;114.19918;POINT (838565.6994372557 822994.1364818709);-9.0;78.12922348638068;78;838565.6994372557;822994.1364818709;39458;15.0
32429;20;205130;2021-05-02 10:57:53;39.0;267;22.346445;114.198059;POINT (838450.2191079383 823038.967481781);13.0;123.87705603619736;78;838450.2191079383;823038.967481781;39473;15.0
32430;20;205130;2021-05-02 10:58:08;40.0;4;22.347553;114.197753;POINT (838418.6811584301 823161.6575214104);1.0;126.6786804613891;78;838418.6811584301;823161.6575214104;39488;15.0
32431;20;205130;2021-05-02 10:58:23;21.0;71;22.348123;114.198188;POINT (838463.4810018647 823224.7827990282);-19.0;77.40689017194912;78;838463.4810018647;823224.7827990282;39503;15.0
32432;20;205130;2021-05-02 10:58:38;0.0;29;22.348281;114.198265;POINT (838471.4101516587 823242.2800675392);-21.0;19.210044815194703;78;838471.4101516587;823242.2800675392;39518;15.0
32433;20;205130;2021-05-02 10:58:53;4.0;101;22.348192;114.198272;POINT (838472.1326112207 823232.4247481471);4.0;9.881764424337394;78;838472.1326112207;823232.4247481471;39533;15.0
32434;20;205130;2021-05-02 10:59:08;9.0;308;22.348405;114.198081;POINT (838452.4547108378 823256.0085329601);5.0;30.71505607324551;78;838452.4547108378;823256.0085329601;39548;15.0
32435;20;205130;2021-05-02 10:59:23;21.0;344;22.348167;114.197891;POINT (838432.8868581165 823229.6508364643);12.0;32.82726038964617;78;838432.8868581165;823229.6508364643;39563;15.0
32436;20;205130;2021-05-02 10:59:38;32.0;88;22.348649;114.198997;POINT (838546.8061422193 823283.0414863524);11.0;125.81003452026982;78;838546.8061422193;823283.0414863524;39578;15.0
32437;20;205130;2021-05-02 10:59:53;12.0;16;22.349069;114.199813;POINT (838630.8535001527 823329.562815589);-20.0;96.06348135225896;78;838630.8535001527;823329.562815589;39593;15.0
32438;20;205130;2021-05-02 11:00:08;0.0;14;22.349077;114.199836;POINT (838633.2225396503 823330.4490578491);-12.0;2.5293820361215404;78;838633.2225396503;823330.4490578491;39608;15.0
32439;20;205130;2021-05-02 11:00:23;0.0;14;22.349077;114.199836;POINT (838633.2225396503 823330.4490578491);0.0;0.0;78;838633.2225396503;823330.4490578491;39623;15.0
32440;20;205130;2021-05-02 11:00:38;0.0;14;22.349077;114.199836;POINT (838633.2225396503 823330.4490578491);0.0;0.0;78;838633.2225396503;823330.4490578491;39638;15.0
32441;20;205130;2021-05-02 11:00:54;0.0;14;22.349079;114.199829;POINT (838632.5014527029 823330.6704179584);0.0;0.7542988026235035;78;838632.5014527029;823330.6704179584;39654;16.0
32442;20;205130;2021-05-02 11:01:09;0.0;14;22.349079;114.199829;POINT (838632.5014527029 823330.6704179584);0.0;0.0;78;838632.5014527029;823330.6704179584;39669;15.0
32443;20;205130;2021-05-02 11:01:24;0.0;14;22.349086;114.199829;POINT (838632.501334393 823331.4455635922);0.0;0.7751456428734292;78;838632.501334393;823331.4455635922;39684;15.0
32444;20;205130;2021-05-02 11:01:39;0.0;14;22.349092;114.199813;POINT (838630.8531116932 823332.1097226728);0.0;1.777004601212451;78;838630.8531116932;823332.1097226728;39699;15.0
32445;20;205130;2021-05-02 11:01:54;0.0;14;22.349088;114.199813;POINT (838630.8531792508 823331.6667823101);0.0;0.4429403678811116;78;838630.8531792508;823331.6667823101;39714;15.0
32446;20;205130;2021-05-02 11:02:09;0.0;14;22.349079;114.199798;POINT (838629.3082174001 823330.6699309052);0.0;1.8386461986168063;78;838629.3082174001;823330.6699309052;39729;15.0
32447;20;205130;2021-05-02 11:02:24;0.0;14;22.349063;114.19979;POINT (838628.4844266392 823328.8980438731);0.0;1.954025299804888;78;838628.4844266392;823328.8980438731;39744;15.0
32448;20;205130;2021-05-02 11:02:39;0.0;14;22.349073;114.199798;POINT (838629.3083186725 823330.0055203612);0.0;1.3803268650057434;78;838629.3083186725;823330.0055203612;39759;15.0
32449;20;205130;2021-05-02 11:02:54;0.0;14;22.349126;114.199813;POINT (838630.8525374467 823335.874715768);0.0;6.068942770008989;78;838630.8525374467;823335.874715768;39774;15.0
32450;20;205130;2021-05-02 11:03:09;0.0;14;22.349159;114.19979;POINT (838628.4828068607 823339.5286126115);0.0;4.355064315535169;78;838628.4828068607;823339.5286126115;39789;15.0
32451;20;205130;2021-05-02 11:03:24;0.0;14;22.349149;114.19979;POINT (838628.4829755882 823338.4212616949);0.0;1.1073509294562522;78;838628.4829755882;823338.4212616949;39804;15.0
32452;20;205130;2021-05-02 11:03:39;0.0;14;22.349136;114.19979;POINT (838628.4831949322 823336.9817055068);0.0;1.4395562047771298;78;838628.4831949322;823336.9817055068;39819;15.0
32453;20;205130;2021-05-02 11:03:54;0.0;14;22.349134;114.19976;POINT (838625.3930021807 823336.7597647702);0.0;3.0981525030185506;78;838625.3930021807;823336.7597647702;39834;15.0
32454;20;205130;2021-05-02 11:04:09;0.0;14;22.349126;114.19976;POINT (838625.3931369847 823335.8738840403);0.0;0.8858807401385634;78;838625.3931369847;823335.8738840403;39849;15.0
32455;20;205130;2021-05-02 11:04:25;0.0;14;22.349111;114.199775;POINT (838626.9385032497 823334.2130928739);0.0;2.268564345846509;78;838626.9385032497;823334.2130928739;39865;16.0
32456;20;205130;2021-05-02 11:04:40;0.0;14;22.349086;114.199813;POINT (838630.8532130304 823331.4453121284);0.0;4.794326117660742;78;838630.8532130304;823331.4453121284;39880;15.0
32457;20;205130;2021-05-02 11:04:55;0.0;14;22.349088;114.199829;POINT (838632.5013005914 823331.6670337733);0.0;1.6629350848935711;78;838632.5013005914;823331.6670337733;39895;15.0
32458;20;205130;2021-05-02 11:05:10;0.0;14;22.349105;114.199813;POINT (838630.8528921284 823333.5492788538);0.0;2.5020185858824764;78;838630.8528921284;823333.5492788538;39910;15.0
32459;20;205130;2021-05-02 11:05:25;0.0;14;22.349105;114.199798;POINT (838629.3077785572 823333.5490432648);0.0;1.5451135891815562;78;838629.3077785572;823333.5490432648;39925;15.0
32460;20;205130;2021-05-02 11:05:40;0.0;14;22.349079;114.199829;POINT (838632.5014527029 823330.6704179584);0.0;4.299539301351159;78;838632.5014527029;823330.6704179584;39940;15.0
32461;20;205130;2021-05-02 11:05:55;0.0;14;22.349092;114.199829;POINT (838632.5012329853 823332.1099741374);0.0;1.4395561957537049;78;838632.5012329853;823332.1099741374;39955;15.0
32462;20;205130;2021-05-02 11:06:10;0.0;14;22.349092;114.199836;POINT (838633.2222860525 823332.110084209);0.0;0.7210530756469556;78;838633.2222860525;823332.110084209;39970;15.0
32463;20;205130;2021-05-02 11:06:25;0.0;14;22.349111;114.199813;POINT (838630.8527907898 823334.2136894007);0.0;3.1685426622744752;78;838630.8527907898;823334.2136894007;39985;15.0
32464;20;205130;2021-05-02 11:06:40;0.0;14;22.349098;114.199829;POINT (838632.5011315775 823332.7743846824);0.0;2.188292810524136;78;838632.5011315775;823332.7743846824;40000;15.0
32465;20;205130;2021-05-02 11:06:55;0.0;14;22.349088;114.199829;POINT (838632.5013005914 823331.6670337733);0.0;1.1073509220493447;78;838632.5013005914;823331.6670337733;40015;15.0
32466;20;205130;2021-05-02 11:07:10;0.0;14;22.349088;114.199813;POINT (838630.8531792508 823331.6667823101);0.0;1.6481213597331248;78;838630.8531792508;823331.6667823101;40030;15.0
32467;20;205130;2021-05-02 11:07:25;0.0;14;22.349082;114.199829;POINT (838632.501401999 823331.0026232303);0.0;1.7770046457189752;78;838632.501401999;823331.0026232303;40045;15.0
32468;20;205130;2021-05-02 11:07:41;28.0;21;22.349617;114.200019;POINT (838652.0637267464 823390.2488982498);28.0;62.39235252179593;78;838652.0637267464;823390.2488982498;40061;16.0
32469;20;205130;2021-05-02 11:07:56;13.0;19;22.349975;114.200096;POINT (838659.9891596708 823429.8932868779);-15.0;40.42882680382025;78;838659.9891596708;823429.8932868779;40076;15.0
32470;20;205130;2021-05-02 11:08:11;28.0;292;22.350498;114.199966;POINT (838646.5893660436 823487.8056856776);15.0;59.442412501377696;78;838646.5893660436;823487.8056856776;40091;15.0
32471;20;205130;2021-05-02 11:08:26;4.0;269;22.35078;114.199012;POINT (838548.3165227422 823519.0182093952);-24.0;103.11049106356673;78;838548.3165227422;823519.0182093952;40106;15.0
32472;20;205130;2021-05-02 11:08:41;9.0;268;22.350774;114.198913;POINT (838538.1189924753 823518.3523008036);5.0;10.219249375332916;78;838538.1189924753;823518.3523008036;40121;15.0
32473;20;205130;2021-05-02 11:08:56;43.0;235;22.350059;114.197319;POINT (838373.9376463942 823439.1535034629);34.0;182.2853913543674;78;838373.9376463942;823439.1535034629;40136;15.0
32474;20;205130;2021-05-02 11:09:11;47.0;241;22.349508;114.195617;POINT (838198.627563042 823378.1156155645);4.0;185.6320260194171;78;838198.627563042;823378.1156155645;40151;15.0
32475;20;205130;2021-05-02 11:09:26;26.0;147;22.34872;114.194778;POINT (838112.2148538969 823290.8458312396);-21.0;122.8135642260859;78;838112.2148538969;823290.8458312396;40166;15.0
32476;20;205130;2021-05-02 11:09:41;47.0;158;22.347379;114.195785;POINT (838215.9624395585 823142.3627972376);21.0;181.1374420627949;78;838215.9624395585;823142.3627972376;40181;15.0
32477;20;205130;2021-05-02 11:09:56;32.0;180;22.345893;114.196022;POINT (838240.3964898568 822977.813594556);-15.0;166.3534277288617;78;838240.3964898568;822977.813594556;40196;15.0
32478;20;205130;2021-05-02 11:10:11;39.0;268;22.345176;114.194686;POINT (838102.7846303429 822898.3996552654);7.0;158.8823389572361;78;838102.7846303429;822898.3996552654;40211;15.0
32479;20;205130;2021-05-02 11:10:26;0.0;252;22.345186;114.19419;POINT (838051.6913163951 822899.5010362902);-39.0;51.105183399815736;78;838051.6913163951;822899.5010362902;40226;15.0
32480;20;205130;2021-05-02 11:10:41;3.0;270;22.345153;114.194145;POINT (838047.056266016 822895.8462468872);3.0;5.902641577862882;78;838047.056266016;822895.8462468872;40241;15.0
32481;20;205130;2021-05-02 11:10:56;11.0;281;22.345172;114.193992;POINT (838031.2954240276 822897.9484098487);8.0;15.900416010257851;78;838031.2954240276;822897.9484098487;40256;15.0
32482;20;205130;2021-05-02 11:11:11;29.0;270;22.345235;114.193077;POINT (837937.0401019235 822904.9142701924);18.0;94.5123746145049;78;837937.0401019235;822904.9142701924;40271;15.0
32483;20;205130;2021-05-02 11:11:26;11.0;265;22.345125;114.191589;POINT (837783.7618010769 822892.7176495128);-18.0;153.76278830203177;78;837783.7618010769;822892.7176495128;40286;15.0
32484;20;205130;2021-05-02 11:11:42;0.0;266;22.345102;114.19152;POINT (837776.6543253019 822890.1700493426);-11.0;7.550263473583557;78;837776.6543253019;822890.1700493426;40302;16.0
32485;20;205130;2021-05-02 11:11:57;0.0;266;22.345111;114.19152;POINT (837776.6542281645 822891.1666646408);0.0;0.9966153029426414;78;837776.6542281645;822891.1666646408;40317;15.0
32486;20;205130;2021-05-02 11:12:12;0.0;266;22.345109;114.19152;POINT (837776.6542497509 822890.9451945749);0.0;0.2214700669325687;78;837776.6542497509;822890.9451945749;40332;15.0
32487;20;205130;2021-05-02 11:12:27;0.0;266;22.345102;114.19152;POINT (837776.6543253019 822890.1700493426);0.0;0.7751452360100728;78;837776.6543253019;822890.1700493426;40347;15.0
32488;20;205130;2021-05-02 11:12:42;0.0;305;22.345106;114.191513;POINT (837775.9332085812 822890.6129192096);0.0;0.846252352457802;78;837775.9332085812;822890.6129192096;40362;15.0
32489;20;205130;2021-05-02 11:12:57;26.0;268;22.345111;114.191307;POINT (837754.7129909707 822891.1645415677);26.0;21.227386147659868;78;837754.7129909707;822891.1645415677;40377;15.0
32490;20;205130;2021-05-02 11:13:12;66.0;269;22.345111;114.189247;POINT (837542.5113548901 822891.1456089122);40.0;212.201636925217;78;837542.5113548901;822891.1456089122;40392;15.0
32491;20;205130;2021-05-02 11:13:27;0.0;258;22.34493;114.187965;POINT (837410.4533713391 822871.0922502778);-66.0;133.5718840627149;78;837410.4533713391;822871.0922502778;40407;15.0
32492;20;205130;2021-05-02 11:13:42;41.0;258;22.344835;114.187149;POINT (837326.3974131132 822860.5664401962);41.0;84.71243587076646;78;837326.3974131132;822860.5664401962;40422;15.0
32493;20;205130;2021-05-02 11:13:57;51.0;239;22.3439;114.185562;POINT (837162.9254222865 822757.0188636131);10.0;193.50760295415975;78;837162.9254222865;822757.0188636131;40437;15.0
32494;20;205130;2021-05-02 11:14:12;3.0;214;22.343118;114.184478;POINT (837051.2654670394 822670.4180188527);-48.0;141.30694221798706;78;837051.2654670394;822670.4180188527;40452;15.0
32495;20;205130;2021-05-02 11:14:27;0.0;214;22.343118;114.184463;POINT (837049.7202875448 822670.4179405349);-3.0;1.5451794966414023;78;837049.7202875448;822670.4179405349;40467;15.0
32496;20;205130;2021-05-02 11:14:42;15.0;210;22.343074;114.18444;POINT (837047.3512582884 822665.5454805607);15.0;5.417856201235788;78;837047.3512582884;822665.5454805607;40482;15.0
32497;20;205130;2021-05-02 11:14:57;43.0;309;22.343599;114.183219;POINT (836921.5711442342 822723.6755192236);28.0;138.563120946489;78;836921.5711442342;822723.6755192236;40497;15.0
32498;20;205130;2021-05-02 11:15:12;51.0;264;22.343996;114.181373;POINT (836731.410382646 822767.6304247746);8.0;195.1746627249072;78;836731.410382646;822767.6304247746;40512;15.0
32499;20;205130;2021-05-02 11:15:27;34.0;147;22.343223;114.180641;POINT (836656.0082593227 822682.0301723203);-17.0;114.07402606158168;78;836656.0082593227;822682.0301723203;40527;15.0
32500;20;205130;2021-05-02 11:15:42;37.0;44;22.343404;114.181411;POINT (836735.3268047139 822702.0754160609);3.0;81.81224504677755;78;836735.3268047139;822702.0754160609;40542;15.0
32501;20;205130;2021-05-02 11:15:58;64.0;350;22.345544;114.181373;POINT (836731.4052172384 822939.0482460582);27.0;237.00527632367388;78;836731.4052172384;822939.0482460582;40558;16.0
